article_id,published_at,source,url,dominant_industry,language,text,y_weak,y_pred,proba_0,proba_1,proba_2
7c5f99ef-86af-4268-bbde-c775390449c4,2025-07-01T23:33:47+00:00,seekingalpha.com,https://seekingalpha.com/article/4798725-the-greenbrier-companies-inc-2025-q3-results-earnings-call-presentation,Industrials,en,"The Greenbrier Companies, Inc. 2025 Q3 - Results - Earnings Call Presentation (NYSE:GBX) — The following slide deck was published by The Greenbrier Companies, Inc.",1,1,0.0701848529211087,0.7619271099592723,0.16788803711961897
419c6d45-93ac-4978-9a8c-8713e1c8e6cb,2025-07-01T23:29:19+00:00,seekingalpha.com,https://seekingalpha.com/article/4798724-the-greenbrier-companies-inc-gbx-q3-2025-earnings-call-transcript,Industrials,en,"The Greenbrier Companies, Inc. (GBX) Q3 2025 Earnings Call Transcript — The Greenbrier Companies, Inc. (NYSE:GBX) Q3 2025 Results Conference Call July 1, 2025 5:00 PM ETCompany ParticipantsBrian J.",1,1,0.05998208037498576,0.8028062878503766,0.13721163177463763
94d60a82-3b0f-4072-9d4c-e9029e4f5aac,2025-06-28T12:00:31+00:00,benzinga.com,https://www.benzinga.com/markets/market-summary/25/06/46157190/benzinga-bulls-and-bears-nvidia-micron-hims-and-markets-soar-on-mideast-and-tariff-relief,Industrials,en,"Benzinga Bulls And Bears: Nvidia, Micron, HIMS — And Markets Soar On Mideast And Tariff Relief Benzinga Bulls And Bears: Nvidia, Micron, HIMS — And Markets Soar On Mideast And Tariff Relief — Benzinga examined the prospects for many investors' favorite stocks over the last week — here's a look at some of our top stories.",2,2,0.057525033247525795,0.08898437316534595,0.8534905935871282
873fc827-07e3-4795-b555-d02992e828a0,2025-06-25T21:30:57+00:00,investopedia.com,https://www.investopedia.com/s-and-p-500-gains-and-losses-today-paychex-stock-drops-nvidia-supermicro-rise-11761060,Industrials,en,"S&P 500 Gains and Losses Today: Paychex Stock Drops; Nvidia, Supermicro Rise — The S&P 500 was flat on Wednesday, June 25, 2025, as Trump said the U.S. would meet with Iran next week and the Powell reiterated the Fed's",0,0,0.5693822634319321,0.13560447932735645,0.29501325724071137
82a1652f-f7e0-41cb-ac84-9d443cdb7495,2025-06-25T11:39:46+00:00,fortune.com,https://fortune.com/2025/06/25/three-issues-keeping-fed-chair-jerome-powell-up-at-night-cfo/,Industrials,en,The three issues keeping Fed Chair Jerome Powell up at night — The Federal Reserve is currently taking a wait-and-see approach regarding interest rates.,2,2,0.1960662119243075,0.2589813798024455,0.544952408273247
f32d44b8-e907-4969-84ff-d593f12ad5ab,2025-06-24T23:31:09+00:00,livemint.com,https://www.livemint.com/companies/news/fedexhas-more-to-worry-about-than-tariffs-and-a-freight-slump-11750807870496.html,Industrials,en,FedEx Has More to Worry About Than Tariffs and a Freight Slump — The company’s efforts to combine its Express and Ground networks carry much more risk than the $4 billion of cost cuts that its CEO delivered.,0,2,0.38468892284222134,0.22603602566843814,0.3892750514893406
97bfb7c2-0b7c-41b1-8322-53331d54e766,2025-06-24T22:56:57+00:00,seekingalpha.com,https://seekingalpha.com/article/4796985-fedex-corporation-2025-q4-results-earnings-call-presentation,Industrials,en,FedEx Corporation 2025 Q4 - Results - Earnings Call Presentation (NYSE:FDX) — The following slide deck was published by FedEx Corporation in conjunction with their 2025 Q4 earnings call.,1,1,0.11058869133922083,0.7220414213374755,0.16736988732330363
8a0f162d-50b7-46b7-9869-50deb288dc32,2025-06-17T23:56:45+00:00,gurufocus.com,https://www.gurufocus.com/news/2932716/fluor-flr-secures-560m-contract-for-naval-nuclear-propulsion,Industrials,en,"Fluor (FLR) Secures $560M Contract for Naval Nuclear Propulsion — Key Highlights:
    Fluor Corporation secures a substantial $560.5 million contract for naval nuclear propulsion, strengthening its foothold in government contr",2,2,0.08805952778195707,0.15035293318059081,0.7615875390374521
8779abd9-dd99-43f8-aa14-948ed6e27d44,2025-06-17T23:56:22+00:00,gurufocus.com,https://www.gurufocus.com/news/2932715/l3harris-technologies-lhx-secures-4873m-contract-for-terminal-modernization,Industrials,en,"L3Harris Technologies (LHX) Secures $487.3M Contract for Terminal Modernization — Summary
    L3Harris Technologies (LHX) has been awarded a $487.3 million contract for terminal modernization and support services.    Wall Street analysts offe",2,2,0.10919428794062022,0.24374126866640297,0.6470644433929769
16f5cac2-7227-46e3-837c-bd564550d515,2025-06-17T23:30:19+00:00,gurufocus.com,https://www.gurufocus.com/news/2932702/leonard-kaae-promoted-to-president-of-black-construction-corporation-tpc-stock-news,Industrials,en,"Leonard Kaae Promoted to President of Black Construction Corporation | TPC Stock News — Leonard Kaae promoted to President of Black Construction Corporation, a subsidiary of Tutor Perini Corporation (TPC).    Black Construction is Guam's large",2,2,0.11959769324740849,0.1662879260490437,0.7141143807035478
6aea61b9-8950-404f-b6e1-7e0d7903769c,2025-06-13T15:34:51+00:00,bloombergquint.com,https://www.ndtvprofit.com/markets/sp-500s-weekly-gains-in-jeopardy-after-israel-attacks-iran,Industrials,en,S&P 500’s Weekly Gains In Jeopardy After Israel Attacks Iran — The US stock market was on track to finish flat for the week as oil prices surged and traders sought safety in bonds after Israel attacked Iran’s capital following an escalation of tensions over the country’s rapidly advancing nuclear program.,0,0,0.5158251716007328,0.14785519858656787,0.3363196298126994
d7d73516-f1a3-4239-9de1-4d0ccccac882,2025-06-10T23:22:59+00:00,cnbc.com,https://www.cnbc.com/2025/06/10/cramers-lightning-round-papa-johns-is-a-wait-and-see-situation.html,Industrials,en,Cramer's Lightning Round: Papa John's is a 'wait and see situation',1,1,0.07977838616413606,0.6929062333306337,0.22731538050523037
db58d7d4-2c2e-487e-b536-5799f4a7ec6b,2025-06-10T22:26:07+00:00,seekingalpha.com,https://seekingalpha.com/article/4793866-deere-and-company-probably-my-strongest-sell-today,Industrials,en,"Deere & Company: Probably My Strongest Sell Today (NYSE:DE) — Deere seems overvalued, trading at all-time highs, despite potentially entering a commodity downcycle and facing declining revenues and earnings. Find out why DE is rated Strong Sell.",2,2,0.11389360213177142,0.19149617846048037,0.6946102194077483
ecb256e4-d0cc-4093-94a4-bed8b74fe4ce,2025-06-10T22:15:49+00:00,gurufocus.com,https://www.gurufocus.com/news/2919827/ibc-advanced-alloys-announces-amendment-of-existing-credit-facilities-iaalf-stock-news,Industrials,en,"IBC Advanced Alloys Announces Amendment of Existing Credit Facilities | IAALF Stock News — IBC Advanced Alloys (IAALF) extends credit facility maturity to December 31, 2025.    Additional funding of US$452,500 boosts IBC's liquidity.    Total out",2,2,0.12242341685725898,0.2389297708454971,0.638646812297244
c4af0444-bb25-4ecc-9530-e4588e5df3da,2025-06-03T23:00:04+00:00,gurufocus.com,https://www.gurufocus.com/news/2906401/aecon-announces-voting-results-of-annual-general-meeting,Industrials,en,"Aecon announces voting results of Annual General Meeting — TORONTO, June  03, 2025  (GLOBE NEWSWIRE) -- Aecon Group Inc. (TSX: ARE) (”Aecon” or the ”Corporation”) announced today that the nominees listed in the",1,1,0.11157733221502557,0.6447918866937277,0.24363078109124697
4ed7e72c-a7d0-40d4-8f4f-9a2b77670b0a,2025-05-27T22:27:54+00:00,raskmedia.com.au,https://www.raskmedia.com.au/2025/05/28/a-deep-dive-into-tcl-shares-6/,Industrials,en,A deep dive into TCL shares — Is the Transurban Group (ASX:TCL) share price undervalued? Here are 3 reasons you might want to consider TCL shares.,2,2,0.09605777908603333,0.2533583976533432,0.6505838232606234
b9b1e7a8-b4d2-47a1-852c-30f0b31734d2,2025-05-27T22:08:44+00:00,gurufocus.com,https://www.gurufocus.com/news/2890751/lennox-international-inc-lii-and-ariston-group-announce-joint-venture-for-water-heaters-in-north-america-lii-stock-news,Industrials,en,"Lennox International Inc (LII) and Ariston Group Announce Joint Venture for Water Heaters in North America | LII stock news — Summary On May 27, 2025, Lennox International Inc (LII), a leader in innovative climate solutions, announced a joint venture with Ariston Group, a global leader",2,2,0.08485580755505719,0.328977924951649,0.5861662674932938
c2186999-8f48-4c17-8314-0eccfefc67fc,2025-05-20T23:30:45+00:00,gurufocus.com,https://www.gurufocus.com/news/2878390/zto-reports-strong-q1-performance-with-increased-revenue-and-parcel-volume-zto-stock-news,Industrials,en,"ZTO Reports Strong Q1 Performance with Increased Revenue and Parcel Volume | ZTO Stock News — ZTO Express (ZTO) announced a notable increase in its financial and operational metrics for the first quarter. The company's revenue reached $1.50 billion, mark",2,2,0.0529451230410165,0.0864041908666789,0.8606506860923047
059755d1-03de-4dfa-b17c-2abb971e61ab,2025-05-20T23:30:37+00:00,gurufocus.com,https://www.gurufocus.com/news/2878389/zto-reaffirms-fy25-parcel-volume-growth-forecast-zto-stock-news,Industrials,en,"ZTO Reaffirms FY25 Parcel Volume Growth Forecast | ZTO Stock News — ZTO Express (ZTO) has maintained its fiscal year 2025 parcel volume projection, estimating a delivery range between 40.8 billion to 42.2 billion parcels. This p",2,2,0.07931017594911845,0.1142958657540205,0.8063939582968611
7d9752c1-3ccd-421d-b08a-399165c18f9a,2025-05-20T23:30:24+00:00,gurufocus.com,https://www.gurufocus.com/news/2878387/zto-reports-strong-q1-revenue-growth-with-significant-parcel-volume-increase-zto-stock-news,Industrials,en,"ZTO Reports Strong Q1 Revenue Growth with Significant Parcel Volume Increase | ZTO Stock News — ZTO Express (ZTO) posted impressive financial results for the first quarter, with revenue climbing to RMB 10.891 billion, up from RMB 9.960 billion a year earli",2,2,0.06511546719069602,0.08407132090181017,0.8508132119074939
9dbaa190-bfc0-4e86-a98c-33fe4efe3690,2025-05-13T23:30:19+00:00,gurufocus.com,https://www.gurufocus.com/news/2860419/howmet-aerospace-hwm-executive-sells-shares-worth-47-million-hwm-stock-news,Industrials,en,"Howmet Aerospace (HWM) Executive Sells Shares Worth $4.7 Million | HWM Stock News — In a recent regulatory disclosure, Howmet Aerospace (HWM) announced that Neil Edward Marchuk, the Executive Vice President of Human Resources, sold 30,000 share",2,2,0.05259871911436616,0.1635639155930578,0.783837365292576
061a57fd-bb9c-4dd6-97eb-f8ee5d9d48f5,2025-05-13T23:23:58+00:00,seekingalpha.com,https://seekingalpha.com/article/4786321-optex-systems-holdings-inc-opxs-q2-2025-earnings-call-transcript,Industrials,en,"Optex Systems Holdings, Inc (OPXS) Q2 2025 Earnings Call Transcript — Optex Systems Holdings, Inc (NASDAQ:OPXS) Q2 2025 Earnings Conference Call May 13, 2025 5:00 PM ETCompany ParticipantsDanny Schoening - Chairman and...",1,1,0.06751942617240854,0.7516379173108975,0.18084265651669404
0464fe84-88c5-4446-929c-4ce01ee8e98f,2025-05-13T23:15:08+00:00,gurufocus.com,https://www.gurufocus.com/news/2860405/southwest-airlines-declares-185th-quarterly-dividend-luv-stock-news,Industrials,en,SOUTHWEST AIRLINES DECLARES 185th QUARTERLY DIVIDEND | LUV Stock News — Southwest Airlines (LUV) announces its 185th consecutive quarterly dividend.    The company declares a cash dividend of $0.18 per share.    Dividend to be,2,2,0.08885665715431393,0.28544064011553844,0.6257027027301476
f2750876-a1ed-4a2f-9ad9-57f96a3969f3,2025-05-06T23:58:26+00:00,gurufocus.com,https://www.gurufocus.com/news/2835176/powell-industries-powl-shares-dip-despite-earnings-beat,Industrials,en,"Powell Industries (POWL) Shares Dip Despite Earnings Beat — Key Highlights:
    Powell Industries (POWL) experiences a 3.3% decline post-quarterly earnings despite 38% net income growth.    Analysts see potential upside",2,2,0.08869694252126817,0.14041743811545826,0.7708856193632736
493f4bbb-711a-47a9-bad4-91dfe9300593,2025-05-06T23:57:41+00:00,gurufocus.com,https://www.gurufocus.com/news/2835173/pitney-bowes-pbi-set-to-announce-q1-earnings-analysts-expect-eps-turnaround,Industrials,en,"Pitney Bowes (PBI) Set to Announce Q1 Earnings, Analysts Expect EPS Turnaround — Key Highlights:
    Pitney Bowes Inc. (PBI) is set to announce its first-quarter earnings on May 7th, with expected EPS of $0.27.    The company's revenue is fo",1,1,0.12366354094713242,0.5572096870197457,0.3191267720331219
2af16d2c-d748-4f35-af99-5e29d14d7b8f,2025-05-06T23:29:57+00:00,seekingalpha.com,https://seekingalpha.com/article/4782595-the-azek-company-inc-2025-q2-results-earnings-call-presentation,Industrials,en,The AZEK Company Inc. 2025 Q2 - Results - Earnings Call Presentation (NYSE:AZEK) — The following slide deck was published by The AZEK Company Inc.,1,1,0.08819219416119443,0.7363496909609886,0.175458114877817
43c6e072-99cb-4783-814b-e74333b97aba,2025-05-04T15:24:20+00:00,cnbc.com,https://www.cnbc.com/2025/05/04/2-big-things-to-watch-this-week-as-the-sp-500-looks-to-extend-its-historic-win-streak.html,Industrials,en,2 big things to watch this week as the S&P 500 looks to extend its historic win streak — Could the rallying S&P 500 go for 10 in a row?,2,2,0.2324312285000296,0.15169835041705035,0.6158704210829201
3d1512d2-dde1-40c5-94ff-fffc1bdae546,2025-04-29T23:45:25+00:00,gurufocus.com,https://www.gurufocus.com/news/2813606/novonix-finalizes-purchase-and-sale-agreement-for-enterprise-south-land-nvx-stock-news,Industrials,en,NOVONIX Finalizes Purchase and Sale Agreement for Enterprise South Land | NVX Stock News — NOVONIX (NVX) secures a 182-acre land purchase in Chattanooga for $5 million to expand synthetic graphite production.    The new facility will increase pro,2,2,0.07526140564940674,0.13164629570370737,0.7930922986468859
428bdcb5-19e0-49fb-8c89-9e1ddda464ef,2025-04-29T23:34:26+00:00,timesofindia.indiatimes.com,https://timesofindia.indiatimes.com/business/india-business/kokuyo-to-buy-office-furniture-maker-hni-india/articleshow/120745368.cms,Industrials,en,"Kokuyo to buy office furniture maker HNI India — India-Business News: MUMBAI: Japan's Kokuyo, which entered India by acquiring the Camlin stationery brand in 2012, is set to buy office furniture manufacturer HNI India fr.",1,1,0.08792625599478475,0.5352661682514777,0.3768075757537375
4581224c-1498-4be2-a5f6-c08dc4f5dff9,2025-04-29T23:30:08+00:00,zacks.com,https://www.zacks.com/stock/news/2458525/flowserve-fls-q1-earnings-how-key-metrics-compare-to-wall-street-estimates?cid=CS-ZC-FT-fundamental_analysis|nfm-2458525,Industrials,en,"Flowserve (FLS) Q1 Earnings: How Key Metrics Compare to Wall Street Estimates — While the top- and bottom-line numbers for Flowserve (FLS) give a sense of how the business performed in the quarter ended March 2025, it could be worth looking at how some of its key metrics compare to Wall Street estimates and year-ago values.",2,2,0.06316080450211402,0.08464125391873412,0.8521979415791519
b4ed9131-022f-4e11-9784-cf7396a43271,2025-04-22T23:35:57+00:00,manilatimes.net,https://www.manilatimes.net/2025/04/23/tmt-newswire/globenewswire/kelso-technologies-incretirement-of-chief-operating-officer-and-appointment-of-director/2097111,Industrials,en,Kelso Technologies Inc. Retirement of Chief Operating Officer and Appointment of Director — **media[602361]**,1,1,0.09270237405223587,0.6071269870773349,0.3001706388704291
1e42f066-ba22-4cf3-8b5e-320a83279023,2025-04-22T23:15:23+00:00,gurufocus.com,https://www.gurufocus.com/news/2795844/lt-gen-bruce-t-crawford-us-army-ret-elected-to-the-board-of-directors-ryi-stock-news,Industrials,en,"Lt. Gen. Bruce T. Crawford, U.S. Army (Ret.) Elected to the Board of Directors | RYI Stock News — Lt. Gen. Bruce T. Crawford, U.S. Army (Ret.), joins Ryerson Holding's Board of Directors (RYI).    Crawford brings extensive IT and cybersecurity expertise",1,1,0.10146372087429391,0.5770167747980043,0.3215195043277019
715114ea-7562-44a9-a8e4-40e56ccbd9ad,2025-04-22T23:00:09+00:00,gurufocus.com,https://www.gurufocus.com/news/2795839/investor-alert-pomerantz-law-firm-reminds-investors-with-losses-on-their-investment-in-atkore-inc-of-class-action-lawsuit-and-upcoming-deadlines-atkr,Industrials,en,"INVESTOR ALERT: Pomerantz Law Firm Reminds Investors with Losses on their Investment in Atkore Inc. of Class Action Lawsuit and Upcoming Deadlines - ATKR — PR NewswireNEW YORK, April 22, 2025



NEW YORK, April 22, 2025 /PRNewswire/ -- Pomerantz LLP announces that a class action lawsuit has been filed against Atk",0,1,0.19007548099202684,0.43106473130437845,0.37885978770359463
e6a1164e-4cac-4d37-b32e-5b91bddbbeb1,2025-04-15T23:00:03+00:00,gurufocus.com,https://www.gurufocus.com/news/2782761/nfi-announces-updates-to-board-leadership,Industrials,en,"NFI Announces Updates to Board Leadership — WINNIPEG, Manitoba, April  15, 2025  (GLOBE NEWSWIRE) -- (TSX: NFI, OTC: NFYEF, TSX: NFI.DB) NFI Group Inc. (NFI, or the Company) a leader in propulsion-agnosti",1,1,0.06956010574855735,0.7501646964344241,0.1802751978170184
afc29c25-7926-4d94-a5b7-c7f4d3e4ba82,2025-04-15T23:00:03+00:00,gurufocus.com,https://www.gurufocus.com/news/2782763/itw-schedules-first-quarter-2025-earnings-webcast,Industrials,en,"ITW Schedules First Quarter 2025 Earnings Webcast — GLENVIEW, Ill., April  15, 2025  (GLOBE NEWSWIRE) -- Illinois Tool Works Inc. (NYSE: ITW) will issue its first quarter 2025 results on Wednesday, April 30, 2025",1,1,0.08364194219172306,0.7413367487733125,0.17502130903496452
c71a3157-d1e2-4a45-9387-33837d043cdf,2025-04-15T22:58:10+00:00,gurufocus.com,https://www.gurufocus.com/news/2782736/csx-csx-q1-earnings-preview-anticipated-decline,Industrials,en,"CSX (CSX) Q1 Earnings Preview: Anticipated Decline — \n    CSX Corporation's Q1 earnings release is scheduled for April 16th, with expectations of a 19.6% decline in EPS year-over-year.    Wall Street analysts anti",0,0,0.4287498370260767,0.22938623418573445,0.34186392878818883
d10c5062-6575-4327-9a4d-69c8d4444fc6,2025-04-08T22:36:05+00:00,seekingalpha.com,https://seekingalpha.com/article/4773812-mercury-systems-significant-earnings-improvement-but-lacks-near-term-upside,Industrials,en,"Mercury Systems: Significant Earnings Improvement But Lacks Near-Term Upside (MRCY) — Mercury Systems sees improved margins & cash flow with a 13% revenue boost, yet holds a 'hold' rating amid risks. Learn more on MRCY stock here.",2,2,0.09877798344172949,0.14850038469474316,0.7527216318635274
a80a52ea-b1af-4b66-b736-78c9298bed0a,2025-04-08T22:16:01+00:00,insidermonkey.com,https://www.insidermonkey.com/blog/costco-wholesale-corporation-cost-among-defensive-stocks-billionaire-ken-fisher-is-betting-on-1504077/,Industrials,en,Costco Wholesale Corporation (COST): Among Defensive Stocks Billionaire Ken Fisher is Betting On — We recently published a list of 10 Defensive Stocks Billionaire Ken Fisher is Betting On.,2,2,0.12658275067936747,0.20493950412504366,0.6684777451955889
6586be5f-47d4-4206-b2e5-078a3fade430,2025-04-05T12:00:47+00:00,benzinga.com,https://www.benzinga.com/25/04/44656265/benzinga-bulls-and-bears-nike-target-and-walmart-among-hardest-hit-following-trumps-liberation-day-tariffs,Industrials,en,"Benzinga Bulls And Bears: Nike, Target, And Walmart Among Hardest-Hit Following Trump's 'Liberation Day' Tariffs — Benzinga examined the prospects for many investors' favorite stocks over the last week — here's a look at some of our top stories.",2,2,0.08581884417363435,0.12774166876519388,0.7864394870611718
9162cd1a-eb0e-4f5a-90f2-f73307380c09,2025-04-01T23:28:07+00:00,manilatimes.net,https://www.manilatimes.net/2025/04/02/tmt-newswire/pr-newswire/ricoh-awarded-ecovadis-platinum-rating-for-sustainability-performance/2084737,Industrials,en,"Ricoh awarded EcoVadis Platinum Rating for Sustainability Performance — TOKYO, April 2, 2025 /PRNewswire/ -- Ricoh today announced it has been awarded the highest Platinum rating from EcoVadis, the world's most trusted provider of business sustainability ratings. Placing Ricoh among the top 1% of companies assessed, this is Ricoh's first Platinum rating, following ten consecutive years of Gold ratings from 2014 to 2024.",2,2,0.13102142251899765,0.19588459311032252,0.6730939843706798
7ec8e47f-9e95-4bea-8ad2-9dcfc0193a2f,2025-04-01T22:57:38+00:00,insidermonkey.com,https://www.insidermonkey.com/blog/verisk-analytics-vrsk-among-the-best-consulting-stocks-to-buy-according-to-hedge-funds-1499280/,Industrials,en,"Verisk Analytics (VRSK): Among the Best Consulting Stocks to Buy According to Hedge Funds — We recently compiled a list of the 12 Best Consulting Stocks to Buy According to Hedge Funds. In this article, we are going to take a look at where Verisk Analytics, Inc.",2,2,0.06609877684775226,0.11089349796466769,0.8230077251875801
7a619cd6-d6eb-493c-be80-a0fe7f5cc5d0,2025-04-01T22:15:16+00:00,zacks.com,https://www.zacks.com/stock/news/2438621/louisiana-pacific-lpx-stock-dips-while-market-gains-key-facts?cid=CS-ZC-FT-tale_of_the_tape|yseop_template_6v3-2438621,Industrials,en,"Louisiana-Pacific (LPX) Stock Dips While Market Gains: Key Facts — Louisiana-Pacific (LPX) reachead $91.18 at the closing of the latest trading day, reflecting a -0.87% change compared to its last close.",2,2,0.059740551287479356,0.1863324080197614,0.7539270406927592
183b96ac-8c2a-4b03-be47-0917deacbeb8,2025-03-25T22:57:12+00:00,seekingalpha.com,https://seekingalpha.com/article/4770382-cadeler-a-s-cdlr-q4-2024-earnings-call-transcript,Industrials,en,"Cadeler A/S (CDLR) Q4 2024 Earnings Call Transcript — Cadeler A/S (CDLR) Q4 2024 Earnings Conference Call March 25, 2025 9:00 AM ETCompany ParticipantsMikkel Gleerup - CEOPeter Brogaard Hansen - CFOConference...",1,1,0.06952981363669014,0.8310287070851136,0.09944147927819623
faa8899e-6dcb-472f-ae5f-37dd1f2b7237,2025-03-25T22:54:48+00:00,financialpost.com,https://financialpost.com/globe-newswire/liberty-gold-reports-year-end-2024-financial-and-operating-results,Industrials,en,"Liberty Gold Reports Year-End 2024 Financial and Operating Results — VANCOUVER, British Columbia, March  25, 2025  (GLOBE NEWSWIRE) — Liberty Gold Corp. (TSX:LGD; OTCQX:LGDTF) (“Liberty Gold” or the “Company”), is pleased to announce…",2,1,0.1429129333835001,0.6054960828212966,0.25159098379520334
f85de40f-19d6-4a7c-a12d-18d0eedf5624,2025-03-25T22:45:39+00:00,upgradedpoints.com,https://upgradedpoints.com/news/aeroplan-new-award-pricing-live/,Industrials,en,"Aeroplan’s New Partner-Award Pricing Is Live, and It’s Not Great — Air Canada Aeroplan has switched to dynamic prices for some partner awards, including United. Award prices are up in some cases by 66%.",2,2,0.13264653252505942,0.18933683523917544,0.6780166322357651
13fd442f-5b35-43fa-bb36-0a38590ccd0a,2025-03-23T11:18:46+00:00,seekingalpha.com,https://seekingalpha.com/article/4769760-wall-street-week-ahead,Industrials,en,"Wall Street Week Ahead — Stay updated with Wall Street's weekly highlights: key inflation data, CoreWeave IPO, and earnings reports. Insights on biotech trends & top stock picks.",2,2,0.11524833586067794,0.10041440819884061,0.7843372559404814
0b4ea270-5b66-4fcc-a897-903ac11355c6,2025-03-18T23:59:22+00:00,insidermonkey.com,https://www.insidermonkey.com/blog/is-cryoport-inc-cyrx-a-pump-and-dump-stock-favored-by-hedge-funds-1486039/,Industrials,en,"Is Cryoport, Inc. (CYRX) a Pump and Dump Stock Favored by Hedge Funds? — We recently compiled a list of the 10 Pump and Dump Stocks Favored by Hedge Funds. In this article, we are going to take a look at where Cryoport, Inc.",2,2,0.06906454414005034,0.12872146565072723,0.8022139902092225
f4936a24-1994-45d8-9a77-3e8bc16ec770,2025-03-18T23:55:05+00:00,livemint.com,https://www.livemint.com/industry/human-resource/cxo-dropouts-recruitment-hiring-jobs-salary-ceo-staffing-headhunters-employer-11742205309174.html,Industrials,en,Curious case of CXO dropouts — Headhunters are concerned with the rise in CXO dropouts after an offer from a potential employer is accepted. Search firms tell Mint that India Inc. has turned sector agnostic and is looking at the same talent pool of top brass to handle expanded and more complex businesses.,2,2,0.10299833133486205,0.22233563029074013,0.6746660383743978
b0945b80-0b9e-474e-91e7-bdefe53d5de9,2025-03-18T23:39:04+00:00,seekingalpha.com,https://seekingalpha.com/article/4768602-fraport-ag-fpruf-q4-2024-earnings-call-transcript,Industrials,en,"Fraport AG (FPRUF) Q4 2024 Earnings Call Transcript — Fraport AG (OTCPK:FPRUF) Q4 2024 Earnings Conference Call March 18, 2025 8:00 AM ETCompany ParticipantsChristoph Nanke - Senior Vice President, Head of...",1,1,0.06390395689978673,0.8029521622051247,0.13314388089508858
c975632a-c4b2-4662-b438-3c17815c775d,2025-03-11T23:42:11+00:00,cnbc.com,https://www.cnbc.com/2025/03/11/market-action-says-white-house-should-change-course-on-tariffs-jim-cramer-says.html,Industrials,en,"Market action signals the White House should change course on tariffs, Jim Cramer says — CNBC's Jim Cramer suggested tariffs dictate recent market action, saying stocks indicate that the White House should take a different approach to the issue.",1,1,0.10167965753029076,0.6512103641690578,0.2471099783006515
758b4cca-8ba4-4671-bf50-92393cac1b6c,2025-03-11T23:37:06+00:00,seekingalpha.com,https://seekingalpha.com/article/4766689-concrete-pumping-holdings-inc-bbcp-q1-2025-earnings-call-transcript,Industrials,en,"Concrete Pumping Holdings, Inc. (BBCP) Q1 2025 Earnings Call Transcript — Concrete Pumping Holdings, Inc. (NASDAQ:BBCP) Q1 2025 Results Conference Call March 11, 2025 5:00 PM ETCompany ParticipantsCody Slach - External Director,...",1,1,0.06412444419634192,0.8333044264409344,0.10257112936272364
559198bd-9f0a-4ce4-a2ee-72964c930d4d,2025-03-11T23:33:56+00:00,seekingalpha.com,https://seekingalpha.com/article/4766685-transcontinental-inc-2025-q1-results-earnings-call-presentation,Industrials,en,Transcontinental Inc. 2025 Q1 - Results - Earnings Call Presentation (OTCMKTS:TCLAF) — The following slide deck was published by Transcontinental Inc.,1,1,0.0896793848739405,0.748747510410016,0.16157310471604353
63d78ced-29be-42e5-aae5-f2b7f5d91b43,2025-03-08T13:00:47+00:00,benzinga.com,https://www.benzinga.com/25/03/44209030/benzinga-bulls-and-bears-broadcom-chargepoint-bigbear-ai-and-tariff-whiplash-confounds-markets,Industrials,en,"Benzinga Bulls And Bears: Broadcom, ChargePoint, BigBear.ai — And Tariff Whiplash Confounds Markets Benzinga Bulls And Bears: Broadcom, ChargePoint, BigBear.ai — And Tariff Whiplash Confounds Markets — Benzinga examined the prospects for many investors' favorite stocks over the last week — here's a look at some of our top stories.",2,2,0.06635052388052418,0.10083373853715867,0.8328157375823171
539e1e12-2a60-48ca-ad51-7c5fae63eccb,2025-03-04T23:46:26+00:00,seekingalpha.com,https://seekingalpha.com/article/4764650-aerovironment-inc-avav-q3-2025-earnings-call-transcript,Industrials,en,"AeroVironment, Inc. (AVAV) Q3 2025 Earnings Call Transcript — AeroVironment, Inc. (NASDAQ:AVAV) Q3 2025 Earnings Conference Call March 4, 2025 4:30 PM ETCompany ParticipantsJonah Teeter-Balin - Vice President,...",1,1,0.06120850122516313,0.7744313483701785,0.16436015040465843
8514b40e-90ea-4351-aa51-412728abf662,2025-03-04T23:23:39+00:00,seekingalpha.com,https://seekingalpha.com/article/4764628-bae-systems-why-i-believe-this-european-defense-stock-can-head-higher,Industrials,en,"BAE Systems: Why I Believe This European Defense Stock Can Head Higher (OTCMKTS:BAESF) — Discover how BAE Systems plc benefits from rising European defense budgets. Explore its growth potential, strong portfolio. Click for my BAESF update.",2,2,0.06754850997167329,0.11649829209698634,0.8159531979313404
2a5d16f2-1d81-41e2-ad8f-a601827ff83e,2025-03-04T23:01:45+00:00,gurufocus.com,https://www.gurufocus.com/news/2727741/first-advantage-corp-fa-announces-participation-in-wolfe-research-fintech-forum,Industrials,en,"First Advantage Corp (FA) Announces Participation in Wolfe Research FinTech Forum — First Advantage Corp (FA), a prominent global provider of employment background screening, identity, and verification solutions, has announced its participation",2,2,0.06145349643363988,0.1533058102989407,0.7852406932674195
69c1eb75-bfd7-4c86-a212-53e22db9444e,2025-02-26T17:05:54+00:00,investopedia.com,https://www.investopedia.com/top-stock-movers-now-nvidia-axon-stellantis-and-more-11686783,Industrials,en,"Top Stock Movers Now: Nvidia, Axon, Stellantis, and More — U.S. equities were higher at midday, lifted by tech shares ahead of today's much-anticipated earnings report from Nvidia.",2,2,0.10787712387156775,0.1364947467743477,0.7556281293540845
e810ad8d-a0c2-4c61-99f9-6fe2a11d92ee,2025-02-25T23:46:03+00:00,seekingalpha.com,https://seekingalpha.com/article/4761915-global-industrial-company-gic-q4-2024-earnings-conference-call-transcript,Industrials,en,"Global Industrial Company (GIC) Q4 2024 Earnings Conference Call Transcript — Global Industrial Company (NYSE:GIC) Q4 2024 Earnings Conference Call February 25, 2025 5:00 PM ETCompany ParticipantsMike Smargiassi - IR, The Plunkett...",1,1,0.06861963437557667,0.7957391801968013,0.13564118542762207
0a295e33-094d-4220-b9c5-82ddbb56cf29,2025-02-25T23:45:03+00:00,zacks.com,https://www.zacks.com/stock/news/2421599/ziprecruiter-inc-zip-reports-q4-loss-tops-revenue-estimates?cid=CS-ZC-FT-tale_of_the_tape|yseop_template_4-2421599,Industrials,en,"ZipRecruiter, Inc. (ZIP) Reports Q4 Loss, Tops Revenue Estimates — ZipRecruiter (ZIP) delivered earnings and revenue surprises of 0% and 3.32%, respectively, for the quarter ended December 2024. Do the numbers hold clues to what lies ahead for the stock?",2,2,0.06779230174163352,0.13651613876979746,0.795691559488569
78a04bea-b41a-43c2-bfc9-7f8f03ec4caa,2025-02-25T23:30:11+00:00,zacks.com,https://www.zacks.com/stock/news/2421584/spx-technologies-spxc-q4-earnings-taking-a-look-at-key-metrics-versus-estimates?cid=CS-ZC-FT-fundamental_analysis|nfm-2421584,Industrials,en,"SPX Technologies (SPXC) Q4 Earnings: Taking a Look at Key Metrics Versus Estimates — While the top- and bottom-line numbers for SPX Technologies (SPXC) give a sense of how the business performed in the quarter ended December 2024, it could be worth looking at how some of its key metrics compare to Wall Street estimates and year-ago values.",2,2,0.05226196327427357,0.10278574894289384,0.8449522877828326
5a3fc712-aa94-420d-913b-5e97d915a0e3,2025-02-24T12:59:25+00:00,zerohedge.com,https://www.zerohedge.com/market-recaps/futures-rebound-biggest-drop-2025,Industrials,en,"Futures Rebound From Biggest Drop Of 2025 — ZeroHedge - On a long enough timeline, the survival rate for everyone drops to zero",0,0,0.6143511927985719,0.16609024479758427,0.21955856240384394
66075df7-b2da-418a-9a61-fab60e37b640,2025-02-20T22:39:16+00:00,investors.com,https://www.investors.com/market-trend/stock-market-today/dow-jones-futures-sp-500-dips-palantir-axon-carvana-nvidia-mercadolibre/,Industrials,en,"Dow Jones Futures: S&P 500 Dips As Palantir, Axon, Carvana Skid, Nvidia Holds; MercadoLibre Soars Late — Dow Jones futures: The S&P 500 fell slightly as Palantir, Axon and Carvana skidded. Nvidia is holding up. MercadoLibre led key earnings late.",1,2,0.20535404913061536,0.168744201023298,0.6259017498460865
a9d7d071-c066-4e85-9d7b-f4cd38871092,2025-02-18T23:42:42+00:00,seekingalpha.com,https://seekingalpha.com/article/4759383-tennant-company-2024-q4-results-earnings-call-presentation,Industrials,en,Tennant Company 2024 Q4 - Results - Earnings Call Presentation (NYSE:TNC) — The following slide deck was published by Tennant Company in conjunction with their 2024 Q4 earnings call.,1,1,0.08525284947691206,0.6471514039017309,0.26759574662135704
56c3c0df-cf33-419d-abb6-5baa9c1f7aa7,2025-02-18T23:41:31+00:00,seekingalpha.com,https://seekingalpha.com/news/4409789-tennant-targets-amr-revenue-to-exceed-100m-by-2027-through-strategic-innovation,Industrials,en,"Tennant targets AMR revenue to exceed $100M by 2027 through strategic innovation (NYSE:TNC) — Discover Tennant Company's record-breaking 2024 earnings, AMR innovations like the X6 ROVR, and strategic growth plans for 2025.",2,2,0.08268345706539172,0.26662360845065436,0.6506929344839539
fce61689-a1c1-47bb-8bd7-da1ecb4c1812,2025-02-18T23:40:53+00:00,seekingalpha.com,https://seekingalpha.com/article/4759382-tennant-company-tnc-q4-2024-earnings-call-transcript,Industrials,en,"Tennant Company (TNC) Q4 2024 Earnings Call Transcript — Tennant Company (NYSE:TNC) Q4 2024 Earnings Conference Call February 18, 2025 10:00 AM ETCompany ParticipantsLorenzo Bassi - VP, Finance & IRDavid Huml...",1,1,0.07468237735141582,0.7000167114216658,0.22530091122691825
482d6f4b-507a-426c-8bb3-ff01935d12ed,2025-02-12T09:17:00+00:00,zacks.com,https://www.zacks.com/stock/news/2414184/the-zacks-analyst-blog-nvidia-exxon-mobil-servicenow-and-willis-lease-finance?cid=CS-ZC-FT-press_releases-2414184,Industrials,en,"The Zacks Analyst Blog NVIDIA, Exxon Mobil, ServiceNow and Willis Lease Finance — NVIDIA, Exxon Mobil, ServiceNow and Willis Lease Finance are included in this Analyst Blog.",1,2,0.11840648444579188,0.21049281099997547,0.6711007045542327
57974f1e-e73a-472c-a604-695fc804be5c,2025-02-11T23:56:48+00:00,insidermonkey.com,https://www.insidermonkey.com/blog/why-are-hedge-funds-bullish-on-upwork-inc-upwk-1449977/,Industrials,en,"Why Are Hedge Funds Bullish On Upwork Inc. (UPWK)? — We recently compiled a list of the 11 Best Gig Economy Stocks to Buy According to Hedge Funds. In this article, we are going to take a look at where Upwork Inc.",2,2,0.06632573577256724,0.12318858075519448,0.8104856834722383
1262196d-67e2-4d24-8ecd-ff7426e72e8f,2025-02-11T23:30:09+00:00,zacks.com,https://www.zacks.com/stock/news/2414153/forrester-research-forr-q4-earnings-how-key-metrics-compare-to-wall-street-estimates?cid=CS-ZC-FT-fundamental_analysis|nfm-2414153,Industrials,en,"Forrester Research (FORR) Q4 Earnings: How Key Metrics Compare to Wall Street Estimates — While the top- and bottom-line numbers for Forrester Research (FORR) give a sense of how the business performed in the quarter ended December 2024, it could be worth looking at how some of its key metrics compare to Wall Street estimates and year-ago values.",2,2,0.044336881427490364,0.06096985913824163,0.8946932594342679
11f0d50a-5892-4c3b-9ad8-a4578f5f48de,2025-02-11T23:15:19+00:00,zacks.com,https://www.zacks.com/stock/news/2414150/virtra-inc-vtsi-stock-dips-while-market-gains-key-facts?cid=CS-ZC-FT-tale_of_the_tape|yseop_template_6v3-2414150,Industrials,en,"VirTra, Inc. (VTSI) Stock Dips While Market Gains: Key Facts — VirTra, Inc. (VTSI) closed at $6.10 in the latest trading session, marking a -1.93% move from the prior day.",2,2,0.0488697426767839,0.10889826310631609,0.8422319942169
bee44ac9-e803-4d25-ba14-7066a3a6f01a,2025-02-10T23:30:54+00:00,forbes.com,https://www.forbes.com/sites/alisondurkee/2025/02/10/trump-tariffs-live-updates-trump-approves-25-steel-and-aluminum-tariffs/,Industrials,en,Trump Tariffs Live Updates: Trump Approves 25% Steel And Aluminum Tariffs — Economists have broadly predicted Trump’s tariffs will raise prices and harm the economy.,0,2,0.21184210974766,0.3445437362711627,0.4436141539811773
082f2289-2a4f-47c5-9ae3-61c5f03da352,2025-02-06T13:29:12+00:00,zerohedge.com,https://www.zerohedge.com/markets/futures-fluctuate-amid-disappointing-earnings-dollar-yields-rise,Industrials,en,"Futures Fluctuate Amid Disappointing Earnings As Dollar, Yields Rise — ZeroHedge - On a long enough timeline, the survival rate for everyone drops to zero",0,0,0.6232684230877181,0.1517984177188196,0.22493315919346227
022dc669-552c-40a4-8b85-fad91ce5097b,2025-02-06T06:14:29+00:00,medium.com,https://medium.com/@eshita.kale25/smart-cities-market-to-be-worth-3-967-7-billion-by-2031-4bfaa6d1f0ea,Industrials,en,"Smart Cities Market to be Worth $3,967.7 Billion by 2031 — Meticulous Research® — a leading global market research company, published a research report titled, Smart Cities Market — Global Opportunity Analysis and Industry Forecast (2024–2031). According to…",2,2,0.07670818181428511,0.14266919658183752,0.7806226216038773
bf4dd9b8-7c11-4339-a5ae-6d4d9237498b,2025-02-04T23:53:40+00:00,seekingalpha.com,https://seekingalpha.com/article/4754853-carlisle-companies-incorporated-2024-q4-results-earnings-call-presentation,Industrials,en,Carlisle Companies Incorporated 2024 Q4 - Results - Earnings Call Presentation (NYSE:CSL) — The following slide deck was published by Carlisle Companies Incorporated in conjunction with their 2024 Q4 earnings call.,1,1,0.07005169925510342,0.7636649686886056,0.16628333205629112
17343ca1-1351-4909-925e-99b8beed250b,2025-02-04T23:35:18+00:00,seekingalpha.com,https://seekingalpha.com/article/4754848-cnh-industrial-n-v-cnh-q4-2024-earnings-call-transcript,Industrials,en,"CNH Industrial N.V. (CNH) Q4 2024 Earnings Call Transcript — CNH Industrial N.V. (NYSE:CNH) Q4 2024 Earnings Conference Call February 4, 2025 9:00 AM ETCompany ParticipantsJason Omerza - VP of IRGerrit Marx -...",1,1,0.061363032918047074,0.8288178524115425,0.10981911467041042
f80c588c-ee69-4fed-9922-c7c9a9848e43,2025-02-04T23:30:13+00:00,zacks.com,https://www.zacks.com/stock/news/2409677/mueller-water-products-mwa-q1-earnings-how-key-metrics-compare-to-wall-street-estimates?cid=CS-ZC-FT-fundamental_analysis|nfm-2409677,Industrials,en,"Mueller Water Products (MWA) Q1 Earnings: How Key Metrics Compare to Wall Street Estimates — Although the revenue and EPS for Mueller Water Products (MWA) give a sense of how its business performed in the quarter ended December 2024, it might be worth considering how some key metrics compare with Wall Street estimates and the year-ago numbers.",2,2,0.05954183124090115,0.07908178692670212,0.8613763818323967
8c6fceb9-0914-40c1-8f5c-08871e6794cb,2025-01-28T23:15:21+00:00,zacks.com,https://www.zacks.com/stock/news/2405078/aerovironment-avav-stock-sinks-as-market-gains-what-you-should-know?cid=CS-ZC-FT-tale_of_the_tape|yseop_template_6v3-2405078,Industrials,en,"AeroVironment (AVAV) Stock Sinks As Market Gains: What You Should Know — AeroVironment (AVAV) closed the most recent trading day at $175.04, moving -0.85% from the previous trading session.",2,2,0.0659286005715649,0.4121209348520997,0.5219504645763354
411acb95-e9c9-46db-9a32-a18eeb54677e,2025-01-28T23:15:20+00:00,zacks.com,https://www.zacks.com/stock/news/2405081/core-main-cnm-laps-the-stock-market-heres-why?cid=CS-ZC-FT-tale_of_the_tape|yseop_template_6v3-2405081,Industrials,en,"Core & Main (CNM) Laps the Stock Market: Here's Why — In the most recent trading session, Core & Main (CNM) closed at $56.73, indicating a +1.21% shift from the previous trading day.",1,1,0.06639132619651347,0.6325154945659568,0.3010931792375297
57b7a7aa-4303-49cc-a18f-21ca4d1dad51,2025-01-28T23:09:52+00:00,seekingalpha.com,https://seekingalpha.com/article/4752715-marten-transport-earnings-bad-year-but-we-may-see-a-slight-rebound-in-2025,Industrials,en,"Marten Transport Earnings: Bad Year, But We May See A Slight Rebound In 2025 (NASDAQ:MRTN) — Financial analysis of Marten Transport, Ltd.'s disappointing Q4 and 2024 earnings, with a cautious outlook for 2025. Click for more on MRTN results.",0,0,0.4032539082969048,0.3726084558237695,0.22413763587932575
9512cb0a-b72b-43c2-bf8f-0b9e8fc1d4f4,2025-01-21T23:15:20+00:00,zacks.com,https://www.zacks.com/stock/news/2400888/paccar-pcar-stock-falls-amid-market-uptick-what-investors-need-to-know?cid=CS-ZC-FT-tale_of_the_tape|yseop_template_6v3-2400888,Industrials,en,"Paccar (PCAR) Stock Falls Amid Market Uptick: What Investors Need to Know — In the closing of the recent trading day, Paccar (PCAR) stood at $110.11, denoting a -0.2% change from the preceding trading day.",1,1,0.06190436072894117,0.633853957906819,0.3042416813642399
0f5f3861-9c9a-4052-afdf-bb599e6c8357,2025-01-21T23:15:20+00:00,zacks.com,https://www.zacks.com/stock/news/2400889/star-bulk-carriers-sblk-flat-as-market-gains-what-you-should-know?cid=CS-ZC-FT-tale_of_the_tape|yseop_template_6v3-2400889,Industrials,en,"Star Bulk Carriers (SBLK) Flat As Market Gains: What You Should Know — The latest trading day saw Star Bulk Carriers (SBLK) settling at $14.68, representing no change from its previous close.",2,2,0.07768236501951245,0.3303218095251597,0.5919958254553278
b75e8a2c-1cf0-4182-81d8-e9e39fac6939,2025-01-21T23:08:03+00:00,investing.com,https://www.investing.com/news/press-releases/kbra-assigns-shortterm-rating-to-air-lease-corporations-unsecured-commercial-paper-program-93CH-3823461,Industrials,en,KBRA Assigns Short-Term Rating to Air Lease Corporation's Unsecured Commercial Paper Program By Investing.com — KBRA Assigns Short-Term Rating to Air Lease Corporation's Unsecured Commercial Paper Program,0,0,0.4251705465185184,0.16227012350291237,0.41255932997856914
ed08d082-253d-453e-bc2e-d0571472491f,2025-01-14T23:55:04+00:00,enr.com,https://www.enr.com/articles/60151-united-rentals-acquires-h-and-e-equipment-services-for-48b,Industrials,en,United Rentals Acquires H&E Equipment Services for $4.8B — The deal expands United Rental's already large footprint in the equipment rental market.,2,2,0.07053627789992646,0.1486985182148477,0.7807652038852257
6b7c6c74-78aa-4302-87e1-7d114f687605,2025-01-14T23:15:22+00:00,zacks.com,https://www.zacks.com/stock/news/2396928/copart-inc-cprt-exceeds-market-returns-some-facts-to-consider?cid=CS-ZC-FT-tale_of_the_tape|yseop_template_6v3-2396928,Industrials,en,"Copart, Inc. (CPRT) Exceeds Market Returns: Some Facts to Consider — The latest trading day saw Copart, Inc. (CPRT) settling at $56.22, representing a +1.06% change from its previous close.",1,1,0.060903330366092676,0.5727706792265107,0.3663259904073966
7ce1f8b8-7925-4e90-a0b9-7ed565d6d5f4,2025-01-14T23:15:22+00:00,zacks.com,https://www.zacks.com/stock/news/2396926/aerovironment-avav-beats-stock-market-upswing-what-investors-need-to-know?cid=CS-ZC-FT-tale_of_the_tape|yseop_template_6v3-2396926,Industrials,en,"AeroVironment (AVAV) Beats Stock Market Upswing: What Investors Need to Know — The latest trading day saw AeroVironment (AVAV) settling at $164.66, representing a +1.57% change from its previous close.",1,1,0.05593168627145018,0.642972976924106,0.3010953368044437
bf2f30fa-0478-413b-af3a-faed21c377b5,2025-01-07T23:15:23+00:00,zacks.com,https://www.zacks.com/stock/news/2393331/copart-inc-cprt-stock-moves--06-what-you-should-know?cid=CS-ZC-FT-tale_of_the_tape|yseop_template_6v3-2393331,Industrials,en,"Copart, Inc. (CPRT) Stock Moves -0.6%: What You Should Know — Copart, Inc. (CPRT) closed at $56.24 in the latest trading session, marking a -0.6% move from the prior day.",1,2,0.07365220900992973,0.3116329676892349,0.6147148233008354
a8ccaf86-43b9-40ac-9711-4aad7d6ee493,2025-01-07T23:15:22+00:00,zacks.com,https://www.zacks.com/stock/news/2393336/aerovironment-avav-stock-moves--042-what-you-should-know?cid=CS-ZC-FT-tale_of_the_tape|yseop_template_6v3-2393336,Industrials,en,"AeroVironment (AVAV) Stock Moves -0.42%: What You Should Know — In the most recent trading session, AeroVironment (AVAV) closed at $163.04, indicating a -0.42% shift from the previous trading day.",1,1,0.060794272096680944,0.6240686410306578,0.3151370868726613
f4fb2035-45b5-4d1c-8a43-97f7cf385135,2025-01-07T23:15:22+00:00,zacks.com,https://www.zacks.com/stock/news/2393337/bloom-energy-be-dips-more-than-broader-market-what-you-should-know?cid=CS-ZC-FT-tale_of_the_tape|yseop_template_6v3-2393337,Industrials,en,"Bloom Energy (BE) Dips More Than Broader Market: What You Should Know — In the latest trading session, Bloom Energy (BE) closed at $25.06, marking a -1.65% move from the previous day.",2,2,0.058640484297869624,0.191259468255512,0.7501000474466184
97a336ce-8532-41c1-86a7-1d81409640b4,2025-01-06T22:01:37+00:00,thestockmarketwatch.com,https://thestockmarketwatch.com/stock-market-news/market-recap-wall-street-rallies-as-tech-stocks-surge-on-january-6-2025/48692/,Industrials,en,"Market Recap: Wall Street Rallies as Tech Stocks Surge on January 6, 2025 — The U.S. stock market kicked off the second week of 2025 with a strong performance, as all three major indexes closed in positive territory. The Dow Jones",2,2,0.12307549909742681,0.1400160976478399,0.7369084032547333
3cbbdfcf-4bc9-4ca7-b592-14ba8e776eb3,2025-01-06T21:34:10+00:00,investopedia.com,https://www.investopedia.com/s-and-p-500-gains-and-losses-today-chip-stocks-jump-as-foxconn-spotlights-ai-demand-8769921,Industrials,en,"S&P 500 Gains and Losses Today: Chip Stocks Jump as Foxconn Spotlights AI Demand — The S&P 500 added 0.6% on Monday, Jan. 6, led by a surge in semiconductor stocks as the first full week of the new year got underway.",0,0,0.5349220173291946,0.11332232761618176,0.35175565505462353
6a154cb2-dba7-45d3-ac41-6d47628502ae,2025-01-05T15:23:00+00:00,finance.yahoo.com,https://finance.yahoo.com/news/1-stock-buy-1-stock-152300403.html,Industrials,en,"1 Stock to Buy, 1 Stock to Sell This Week: AMD, Constellation Brands — • U.S. jobs report, Fed FOMC Meeting minutes will be in focus this week. • AMD is a buy as it gets ready to showcase its next-gen GPU at CES 2025. • Constellation Brands is a sell with downbeat earnings, disappointing guidance on deck. • Looking for more actionable trade ideas? Subscribe here for 50% off InvestingPro! U.S. stocks closed sharply higher on Friday, as Wall Street recovered following a rough start to the new year. Even so, all three indexes posted modest declines for the week, with",0,0,0.44095015913489494,0.15146610613687075,0.4075837347282342
80dfe5b1-544f-4818-bf6d-b8804b79a378,2025-01-05T11:45:00+00:00,finance.yahoo.com,https://finance.yahoo.com/news/5-top-stocks-buy-january-114500102.html,Industrials,en,"5 Top Stocks to Buy in January — Naturally, investors are likely wondering how much longer the bull market rally can go.  Here's why these five Fool.com contributors have high conviction in Alphabet (NASDAQ: GOOG)(NASDAQ: GOOGL), Micron Technology (NASDAQ: MU), Brookfield Renewable (NYSE: BEP)(NYSE: BEPC), PepsiCo (NASDAQ: PEP), and United Parcel Service (NYSE: UPS) as top stocks to buy this month.",2,2,0.0864487454572295,0.15080471738858783,0.7627465371541828
0baaf2da-b38a-4148-90c3-922ae87a508d,2025-01-04T23:05:00+00:00,finance.yahoo.com,https://finance.yahoo.com/news/3-renewable-energy-stocks-buy-230500388.html,Industrials,en,3 Renewable Energy Stocks to Buy in 2025 and Hold for Decades — It could take several decades for these high-risk tickers to bear their full fruit.,2,2,0.10427270844152077,0.13971862149246547,0.7560086700660137
